Fraction,Beta,Scaling,Method,Average
0.25,0.25,1,Clarity,0.9999656357388316
0.25,0.25,1,Omni,0.5411340206185566
0.25,0.25,1,UASE,0.7159450171821305
0.25,0.25,1.5,Clarity,0.9998625429553265
0.25,0.25,1.5,Omni,0.5202061855670103
0.25,0.25,1.5,UASE,0.6785910652920962
0.25,0.25,2,Clarity,0.9998625429553265
0.25,0.25,2,Omni,0.5398625429553264
0.25,0.25,2,UASE,0.6585567010309278
0.25,0.25,2.5,Clarity,0.9998625429553265
0.25,0.25,2.5,Omni,0.5370103092783505
0.25,0.25,2.5,UASE,0.6394501718213058
0.25,0.25,3,Clarity,0.9998625429553265
0.25,0.25,3,Omni,0.5005498281786942
0.25,0.25,3,UASE,0.6269072164948454
0.25,0.25,3.5,Clarity,0.9998625429553265
0.25,0.25,3.5,Omni,0.42855670103092786
0.25,0.25,3.5,UASE,0.6189690721649485
0.25,0.25,4,Clarity,0.9998625429553265
0.25,0.25,4,Omni,0.36013745704467354
0.25,0.25,4,UASE,0.6164948453608248
0.25,0.25,4.5,Clarity,0.9998625429553265
0.25,0.25,4.5,Omni,0.28439862542955324
0.25,0.25,4.5,UASE,0.6201718213058419
0.25,0.25,5,Clarity,0.9998625429553265
0.25,0.25,5,Omni,0.2238831615120275
0.25,0.25,5,UASE,0.6278006872852233
0.25,0.25,5.5,Clarity,0.9998625429553265
0.25,0.25,5.5,Omni,0.18934707903780068
0.25,0.25,5.5,UASE,0.6396907216494845
0.25,0.25,6,Clarity,0.9998625429553265
0.25,0.25,6,Omni,0.15594501718213058
0.25,0.25,6,UASE,0.6521649484536083
0.25,0.25,6.5,Clarity,0.9998625429553265
0.25,0.25,6.5,Omni,0.13962199312714776
0.25,0.25,6.5,UASE,0.6678350515463918
0.25,0.25,7,Clarity,0.9998625429553265
0.25,0.25,7,Omni,0.11171821305841924
0.25,0.25,7,UASE,0.6869415807560137
0.25,0.25,7.5,Clarity,0.9998625429553265
0.25,0.25,7.5,Omni,0.10900343642611685
0.25,0.25,7.5,UASE,0.7043986254295532
0.25,0.25,8,Clarity,0.9998969072164948
0.25,0.25,8,Omni,0.1042955326460481
0.25,0.25,8,UASE,0.7234364261168384
0.25,0.25,8.5,Clarity,0.9998969072164948
0.25,0.25,8.5,Omni,0.10491408934707903
0.25,0.25,8.5,UASE,0.739381443298969
0.25,0.25,9,Clarity,0.9998969072164948
0.25,0.25,9,Omni,0.10415807560137456
0.25,0.25,9,UASE,0.7516838487972509
0.25,0.25,9.5,Clarity,0.9998969072164948
0.25,0.25,9.5,Omni,0.10257731958762886
0.25,0.25,9.5,UASE,0.7616838487972508
0.25,0.25,10,Clarity,0.9998969072164948
0.25,0.25,10,Omni,0.10092783505154639
0.25,0.25,10,UASE,0.774020618556701
0.25,0.5,1,Clarity,1
0.25,0.5,1,Omni,0.5437800687285224
0.25,0.5,1,UASE,0.8912027491408935
0.25,0.5,1.5,Clarity,0.9998969072164948
0.25,0.5,1.5,Omni,0.5253608247422681
0.25,0.5,1.5,UASE,0.88553264604811
0.25,0.5,2,Clarity,0.9998969072164948
0.25,0.5,2,Omni,0.5483505154639176
0.25,0.5,2,UASE,0.8667697594501719
0.25,0.5,2.5,Clarity,0.9998969072164948
0.25,0.5,2.5,Omni,0.5724054982817869
0.25,0.5,2.5,UASE,0.8352920962199313
0.25,0.5,3,Clarity,0.9998969072164948
0.25,0.5,3,Omni,0.5909965635738832
0.25,0.5,3,UASE,0.7966666666666666
0.25,0.5,3.5,Clarity,0.9998969072164948
0.25,0.5,3.5,Omni,0.590446735395189
0.25,0.5,3.5,UASE,0.7600687285223368
0.25,0.5,4,Clarity,0.9998969072164948
0.25,0.5,4,Omni,0.5719931271477663
0.25,0.5,4,UASE,0.7219931271477663
0.25,0.5,4.5,Clarity,0.9998969072164948
0.25,0.5,4.5,Omni,0.5729896907216495
0.25,0.5,4.5,UASE,0.6926116838487972
0.25,0.5,5,Clarity,0.9998969072164948
0.25,0.5,5,Omni,0.5497938144329897
0.25,0.5,5,UASE,0.6649828178694158
0.25,0.5,5.5,Clarity,0.9998969072164948
0.25,0.5,5.5,Omni,0.5261512027491408
0.25,0.5,5.5,UASE,0.6359106529209622
0.25,0.5,6,Clarity,0.9998969072164948
0.25,0.5,6,Omni,0.48714776632302403
0.25,0.5,6,UASE,0.6100343642611684
0.25,0.5,6.5,Clarity,0.9998969072164948
0.25,0.5,6.5,Omni,0.45298969072164946
0.25,0.5,6.5,UASE,0.5852577319587629
0.25,0.5,7,Clarity,0.9998969072164948
0.25,0.5,7,Omni,0.42477663230240553
0.25,0.5,7,UASE,0.564914089347079
0.25,0.5,7.5,Clarity,0.9998969072164948
0.25,0.5,7.5,Omni,0.4101374570446735
0.25,0.5,7.5,UASE,0.5480756013745705
0.25,0.5,8,Clarity,0.9998969072164948
0.25,0.5,8,Omni,0.39326460481099657
0.25,0.5,8,UASE,0.5390034364261168
0.25,0.5,8.5,Clarity,0.9998969072164948
0.25,0.5,8.5,Omni,0.3802405498281787
0.25,0.5,8.5,UASE,0.5338487972508591
0.25,0.5,9,Clarity,0.9998969072164948
0.25,0.5,9,Omni,0.3773539518900344
0.25,0.5,9,UASE,0.5311683848797251
0.25,0.5,9.5,Clarity,0.9998969072164948
0.25,0.5,9.5,Omni,0.35738831615120276
0.25,0.5,9.5,UASE,0.5299312714776633
0.25,0.5,10,Clarity,0.9998969072164948
0.25,0.5,10,Omni,0.33714776632302407
0.25,0.5,10,UASE,0.5307903780068729
0.25,0.75,1,Clarity,1
0.25,0.75,1,Omni,0.530618556701031
0.25,0.75,1,UASE,0.9530240549828178
0.25,0.75,1.5,Clarity,0.9998969072164948
0.25,0.75,1.5,Omni,0.5249140893470791
0.25,0.75,1.5,UASE,0.9548797250859107
0.25,0.75,2,Clarity,0.9998969072164948
0.25,0.75,2,Omni,0.548659793814433
0.25,0.75,2,UASE,0.9456701030927835
0.25,0.75,2.5,Clarity,0.9998969072164948
0.25,0.75,2.5,Omni,0.5680756013745705
0.25,0.75,2.5,UASE,0.9350171821305842
0.25,0.75,3,Clarity,0.9998969072164948
0.25,0.75,3,Omni,0.5865635738831615
0.25,0.75,3,UASE,0.9185910652920962
0.25,0.75,3.5,Clarity,0.9998969072164948
0.25,0.75,3.5,Omni,0.60553264604811
0.25,0.75,3.5,UASE,0.8997250859106529
0.25,0.75,4,Clarity,0.9998969072164948
0.25,0.75,4,Omni,0.6236769759450171
0.25,0.75,4,UASE,0.8793814432989691
0.25,0.75,4.5,Clarity,0.9998969072164948
0.25,0.75,4.5,Omni,0.6401030927835052
0.25,0.75,4.5,UASE,0.8557731958762886
0.25,0.75,5,Clarity,0.9998969072164948
0.25,0.75,5,Omni,0.6503436426116839
0.25,0.75,5,UASE,0.8251202749140893
0.25,0.75,5.5,Clarity,0.9998969072164948
0.25,0.75,5.5,Omni,0.6558419243986254
0.25,0.75,5.5,UASE,0.7892783505154639
0.25,0.75,6,Clarity,0.9998969072164948
0.25,0.75,6,Omni,0.6510309278350516
0.25,0.75,6,UASE,0.7515463917525773
0.25,0.75,6.5,Clarity,0.9998969072164948
0.25,0.75,6.5,Omni,0.6481443298969072
0.25,0.75,6.5,UASE,0.7169759450171821
0.25,0.75,7,Clarity,0.9998969072164948
0.25,0.75,7,Omni,0.6498281786941581
0.25,0.75,7,UASE,0.6847079037800687
0.25,0.75,7.5,Clarity,0.9998969072164948
0.25,0.75,7.5,Omni,0.6504123711340206
0.25,0.75,7.5,UASE,0.6520274914089347
0.25,0.75,8,Clarity,0.9998969072164948
0.25,0.75,8,Omni,0.6537457044673539
0.25,0.75,8,UASE,0.6171134020618557
0.25,0.75,8.5,Clarity,0.9998969072164948
0.25,0.75,8.5,Omni,0.6375601374570447
0.25,0.75,8.5,UASE,0.5816151202749141
0.25,0.75,9,Clarity,0.9998969072164948
0.25,0.75,9,Omni,0.6307560137457044
0.25,0.75,9,UASE,0.5485910652920962
0.25,0.75,9.5,Clarity,0.9998969072164948
0.25,0.75,9.5,Omni,0.6272508591065292
0.25,0.75,9.5,UASE,0.5179037800687285
0.25,0.75,10,Clarity,0.9998969072164948
0.25,0.75,10,Omni,0.614914089347079
0.25,0.75,10,UASE,0.49037800687285227
0.25,1,1,Clarity,1
0.25,1,1,Omni,0.6347422680412371
0.25,1,1,UASE,0.9825429553264605
0.25,1,1.5,Clarity,0.9998969072164948
0.25,1,1.5,Omni,0.6499656357388316
0.25,1,1.5,UASE,0.9801718213058419
0.25,1,2,Clarity,0.9998969072164948
0.25,1,2,Omni,0.673127147766323
0.25,1,2,UASE,0.9797250859106529
0.25,1,2.5,Clarity,0.9998969072164948
0.25,1,2.5,Omni,0.7023367697594501
0.25,1,2.5,UASE,0.9780756013745705
0.25,1,3,Clarity,0.9998969072164948
0.25,1,3,Omni,0.7408247422680412
0.25,1,3,UASE,0.9772852233676976
0.25,1,3.5,Clarity,0.9998969072164948
0.25,1,3.5,Omni,0.760721649484536
0.25,1,3.5,UASE,0.9745360824742269
0.25,1,4,Clarity,0.9998969072164948
0.25,1,4,Omni,0.7836769759450172
0.25,1,4,UASE,0.9727147766323024
0.25,1,4.5,Clarity,0.9998969072164948
0.25,1,4.5,Omni,0.8137800687285224
0.25,1,4.5,UASE,0.9691752577319588
0.25,1,5,Clarity,0.9998969072164948
0.25,1,5,Omni,0.8381443298969072
0.25,1,5,UASE,0.9660481099656357
0.25,1,5.5,Clarity,0.9998969072164948
0.25,1,5.5,Omni,0.8536769759450171
0.25,1,5.5,UASE,0.963298969072165
0.25,1,6,Clarity,0.9998969072164948
0.25,1,6,Omni,0.8681099656357388
0.25,1,6,UASE,0.959106529209622
0.25,1,6.5,Clarity,0.9998969072164948
0.25,1,6.5,Omni,0.8742268041237113
0.25,1,6.5,UASE,0.9546735395189003
0.25,1,7,Clarity,0.9998969072164948
0.25,1,7,Omni,0.8886597938144329
0.25,1,7,UASE,0.9508247422680413
0.25,1,7.5,Clarity,0.9998969072164948
0.25,1,7.5,Omni,0.8975257731958763
0.25,1,7.5,UASE,0.9471821305841924
0.25,1,8,Clarity,0.9998969072164948
0.25,1,8,Omni,0.9026460481099656
0.25,1,8,UASE,0.9431615120274914
0.25,1,8.5,Clarity,0.9998969072164948
0.25,1,8.5,Omni,0.9071821305841924
0.25,1,8.5,UASE,0.9401374570446736
0.25,1,9,Clarity,0.9998969072164948
0.25,1,9,Omni,0.9129209621993127
0.25,1,9,UASE,0.9369072164948453
0.25,1,9.5,Clarity,0.9998969072164948
0.25,1,9.5,Omni,0.9120274914089347
0.25,1,9.5,UASE,0.9330927835051547
0.25,1,10,Clarity,0.9998969072164948
0.25,1,10,Omni,0.9139518900343643
0.25,1,10,UASE,0.9281443298969072
0.5,0.25,1,Clarity,0.9729684210526316
0.5,0.25,1,Omni,0.5607157894736842
0.5,0.25,1,UASE,0.7214526315789473
0.5,0.25,1.5,Clarity,0.972757894736842
0.5,0.25,1.5,Omni,0.5338526315789474
0.5,0.25,1.5,UASE,0.6804421052631578
0.5,0.25,2,Clarity,0.9728210526315789
0.5,0.25,2,Omni,0.5517894736842105
0.5,0.25,2,UASE,0.664442105263158
0.5,0.25,2.5,Clarity,0.9731157894736842
0.5,0.25,2.5,Omni,0.5446315789473685
0.5,0.25,2.5,UASE,0.6470315789473684
0.5,0.25,3,Clarity,0.973221052631579
0.5,0.25,3,Omni,0.5177052631578948
0.5,0.25,3,UASE,0.6280421052631578
0.5,0.25,3.5,Clarity,0.9734736842105263
0.5,0.25,3.5,Omni,0.45637894736842105
0.5,0.25,3.5,UASE,0.6202105263157894
0.5,0.25,4,Clarity,0.9734736842105263
0.5,0.25,4,Omni,0.36578947368421055
0.5,0.25,4,UASE,0.6077263157894737
0.5,0.25,4.5,Clarity,0.9733052631578947
0.5,0.25,4.5,Omni,0.30126315789473684
0.5,0.25,4.5,UASE,0.6074315789473684
0.5,0.25,5,Clarity,0.9735157894736842
0.5,0.25,5,Omni,0.26513684210526317
0.5,0.25,5,UASE,0.6063368421052632
0.5,0.25,5.5,Clarity,0.9734526315789473
0.5,0.25,5.5,Omni,0.2264842105263158
0.5,0.25,5.5,UASE,0.6076842105263158
0.5,0.25,6,Clarity,0.9734315789473684
0.5,0.25,6,Omni,0.1927578947368421
0.5,0.25,6,UASE,0.6124631578947368
0.5,0.25,6.5,Clarity,0.9733473684210526
0.5,0.25,6.5,Omni,0.1658105263157895
0.5,0.25,6.5,UASE,0.6178105263157895
0.5,0.25,7,Clarity,0.9733473684210526
0.5,0.25,7,Omni,0.1461263157894737
0.5,0.25,7,UASE,0.6249684210526316
0.5,0.25,7.5,Clarity,0.9733684210526315
0.5,0.25,7.5,Omni,0.1379578947368421
0.5,0.25,7.5,UASE,0.6338736842105264
0.5,0.25,8,Clarity,0.9734526315789473
0.5,0.25,8,Omni,0.12393684210526316
0.5,0.25,8,UASE,0.6481684210526316
0.5,0.25,8.5,Clarity,0.9734947368421053
0.5,0.25,8.5,Omni,0.12157894736842105
0.5,0.25,8.5,UASE,0.6611368421052631
0.5,0.25,9,Clarity,0.9736
0.5,0.25,9,Omni,0.11126315789473684
0.5,0.25,9,UASE,0.674442105263158
0.5,0.25,9.5,Clarity,0.9735157894736842
0.5,0.25,9.5,Omni,0.10703157894736842
0.5,0.25,9.5,UASE,0.6877263157894737
0.5,0.25,10,Clarity,0.9735578947368421
0.5,0.25,10,Omni,0.1084842105263158
0.5,0.25,10,UASE,0.6978736842105263
0.5,0.5,1,Clarity,0.9744
0.5,0.5,1,Omni,0.5610947368421053
0.5,0.5,1,UASE,0.9111789473684211
0.5,0.5,1.5,Clarity,0.9736
0.5,0.5,1.5,Omni,0.5383368421052632
0.5,0.5,1.5,UASE,0.9021894736842105
0.5,0.5,2,Clarity,0.9736
0.5,0.5,2,Omni,0.5591368421052632
0.5,0.5,2,UASE,0.8867157894736842
0.5,0.5,2.5,Clarity,0.9739157894736842
0.5,0.5,2.5,Omni,0.5814105263157895
0.5,0.5,2.5,UASE,0.8581894736842105
0.5,0.5,3,Clarity,0.9738736842105263
0.5,0.5,3,Omni,0.6020421052631579
0.5,0.5,3,UASE,0.8257684210526316
0.5,0.5,3.5,Clarity,0.974
0.5,0.5,3.5,Omni,0.6078526315789474
0.5,0.5,3.5,UASE,0.7903789473684211
0.5,0.5,4,Clarity,0.974
0.5,0.5,4,Omni,0.5995157894736842
0.5,0.5,4,UASE,0.7531157894736842
0.5,0.5,4.5,Clarity,0.9739578947368421
0.5,0.5,4.5,Omni,0.5958315789473684
0.5,0.5,4.5,UASE,0.7192842105263157
0.5,0.5,5,Clarity,0.9740210526315789
0.5,0.5,5,Omni,0.5770526315789474
0.5,0.5,5,UASE,0.6844
0.5,0.5,5.5,Clarity,0.9740631578947369
0.5,0.5,5.5,Omni,0.5476
0.5,0.5,5.5,UASE,0.6525684210526316
0.5,0.5,6,Clarity,0.9740210526315789
0.5,0.5,6,Omni,0.5234947368421052
0.5,0.5,6,UASE,0.6209473684210527
0.5,0.5,6.5,Clarity,0.9740210526315789
0.5,0.5,6.5,Omni,0.49915789473684213
0.5,0.5,6.5,UASE,0.5965473684210526
0.5,0.5,7,Clarity,0.9741052631578947
0.5,0.5,7,Omni,0.45623157894736843
0.5,0.5,7,UASE,0.5738736842105263
0.5,0.5,7.5,Clarity,0.9741684210526316
0.5,0.5,7.5,Omni,0.4306105263157895
0.5,0.5,7.5,UASE,0.5546105263157894
0.5,0.5,8,Clarity,0.9742105263157894
0.5,0.5,8,Omni,0.4088631578947369
0.5,0.5,8,UASE,0.5398315789473684
0.5,0.5,8.5,Clarity,0.9742315789473684
0.5,0.5,8.5,Omni,0.38875789473684214
0.5,0.5,8.5,UASE,0.5257052631578948
0.5,0.5,9,Clarity,0.9743368421052632
0.5,0.5,9,Omni,0.35974736842105265
0.5,0.5,9,UASE,0.514421052631579
0.5,0.5,9.5,Clarity,0.9744421052631579
0.5,0.5,9.5,Omni,0.3453894736842105
0.5,0.5,9.5,UASE,0.5065052631578948
0.5,0.5,10,Clarity,0.9745684210526315
0.5,0.5,10,Omni,0.32454736842105264
0.5,0.5,10,UASE,0.5014105263157895
0.5,0.75,1,Clarity,0.9747368421052631
0.5,0.75,1,Omni,0.5477263157894737
0.5,0.75,1,UASE,0.9634526315789473
0.5,0.75,1.5,Clarity,0.9741052631578947
0.5,0.75,1.5,Omni,0.5309263157894737
0.5,0.75,1.5,UASE,0.9613263157894737
0.5,0.75,2,Clarity,0.9742947368421052
0.5,0.75,2,Omni,0.5485684210526316
0.5,0.75,2,UASE,0.9553684210526315
0.5,0.75,2.5,Clarity,0.9743578947368421
0.5,0.75,2.5,Omni,0.5615789473684211
0.5,0.75,2.5,UASE,0.9466526315789474
0.5,0.75,3,Clarity,0.9744
0.5,0.75,3,Omni,0.5790526315789474
0.5,0.75,3,UASE,0.9350315789473684
0.5,0.75,3.5,Clarity,0.974378947368421
0.5,0.75,3.5,Omni,0.5913894736842106
0.5,0.75,3.5,UASE,0.9229263157894737
0.5,0.75,4,Clarity,0.9744
0.5,0.75,4,Omni,0.6059157894736842
0.5,0.75,4,UASE,0.9093473684210527
0.5,0.75,4.5,Clarity,0.9744631578947368
0.5,0.75,4.5,Omni,0.6239789473684211
0.5,0.75,4.5,UASE,0.8837894736842106
0.5,0.75,5,Clarity,0.9744631578947368
0.5,0.75,5,Omni,0.628
0.5,0.75,5,UASE,0.8581052631578947
0.5,0.75,5.5,Clarity,0.9745684210526315
0.5,0.75,5.5,Omni,0.6386105263157895
0.5,0.75,5.5,UASE,0.8286736842105263
0.5,0.75,6,Clarity,0.9745894736842106
0.5,0.75,6,Omni,0.6302105263157894
0.5,0.75,6,UASE,0.7958526315789474
0.5,0.75,6.5,Clarity,0.9745473684210526
0.5,0.75,6.5,Omni,0.6205263157894737
0.5,0.75,6.5,UASE,0.7581684210526316
0.5,0.75,7,Clarity,0.9744842105263158
0.5,0.75,7,Omni,0.6204631578947368
0.5,0.75,7,UASE,0.7186526315789473
0.5,0.75,7.5,Clarity,0.9745263157894737
0.5,0.75,7.5,Omni,0.6161473684210527
0.5,0.75,7.5,UASE,0.6796421052631579
0.5,0.75,8,Clarity,0.9746315789473684
0.5,0.75,8,Omni,0.608421052631579
0.5,0.75,8,UASE,0.6398947368421053
0.5,0.75,8.5,Clarity,0.9745894736842106
0.5,0.75,8.5,Omni,0.5914947368421053
0.5,0.75,8.5,UASE,0.6004631578947368
0.5,0.75,9,Clarity,0.9745684210526315
0.5,0.75,9,Omni,0.5749684210526316
0.5,0.75,9,UASE,0.5644
0.5,0.75,9.5,Clarity,0.9746105263157895
0.5,0.75,9.5,Omni,0.5715368421052631
0.5,0.75,9.5,UASE,0.5324421052631579
0.5,0.75,10,Clarity,0.9745684210526315
0.5,0.75,10,Omni,0.5624631578947369
0.5,0.75,10,UASE,0.5013263157894737
0.5,1,1,Clarity,0.9749052631578947
0.5,1,1,Omni,0.621178947368421
0.5,1,1,UASE,0.9844631578947368
0.5,1,1.5,Clarity,0.9739368421052631
0.5,1,1.5,Omni,0.6365894736842106
0.5,1,1.5,UASE,0.9802315789473685
0.5,1,2,Clarity,0.9742526315789474
0.5,1,2,Omni,0.6522947368421053
0.5,1,2,UASE,0.9782947368421052
0.5,1,2.5,Clarity,0.9743157894736842
0.5,1,2.5,Omni,0.6704842105263158
0.5,1,2.5,UASE,0.9762736842105263
0.5,1,3,Clarity,0.9742947368421052
0.5,1,3,Omni,0.6988
0.5,1,3,UASE,0.9737052631578947
0.5,1,3.5,Clarity,0.9744
0.5,1,3.5,Omni,0.7142526315789474
0.5,1,3.5,UASE,0.9704842105263158
0.5,1,4,Clarity,0.9744421052631579
0.5,1,4,Omni,0.7197473684210526
0.5,1,4,UASE,0.9663368421052632
0.5,1,4.5,Clarity,0.9745263157894737
0.5,1,4.5,Omni,0.7493263157894737
0.5,1,4.5,UASE,0.9608421052631579
0.5,1,5,Clarity,0.9744631578947368
0.5,1,5,Omni,0.757578947368421
0.5,1,5,UASE,0.9573684210526316
0.5,1,5.5,Clarity,0.9746315789473684
0.5,1,5.5,Omni,0.768
0.5,1,5.5,UASE,0.9539157894736843
0.5,1,6,Clarity,0.9746315789473684
0.5,1,6,Omni,0.7838947368421053
0.5,1,6,UASE,0.9504210526315789
0.5,1,6.5,Clarity,0.9746526315789473
0.5,1,6.5,Omni,0.8045894736842105
0.5,1,6.5,UASE,0.9461684210526315
0.5,1,7,Clarity,0.9747578947368422
0.5,1,7,Omni,0.8149684210526316
0.5,1,7,UASE,0.9420631578947368
0.5,1,7.5,Clarity,0.974757894736842
0.5,1,7.5,Omni,0.8283368421052631
0.5,1,7.5,UASE,0.9374736842105263
0.5,1,8,Clarity,0.9747157894736842
0.5,1,8,Omni,0.834021052631579
0.5,1,8,UASE,0.9326947368421052
0.5,1,8.5,Clarity,0.9747157894736842
0.5,1,8.5,Omni,0.8392842105263157
0.5,1,8.5,UASE,0.9281263157894737
0.5,1,9,Clarity,0.9747578947368422
0.5,1,9,Omni,0.8453052631578948
0.5,1,9,UASE,0.9243157894736842
0.5,1,9.5,Clarity,0.9748842105263158
0.5,1,9.5,Omni,0.8490947368421052
0.5,1,9.5,UASE,0.9208631578947368
0.5,1,10,Clarity,0.9749263157894736
0.5,1,10,Omni,0.8553052631578948
0.5,1,10,UASE,0.9178105263157895
0.75,0.25,1,Clarity,0.8768885869565217
0.75,0.25,1,Omni,0.5952853260869565
0.75,0.25,1,UASE,0.7063858695652174
0.75,0.25,1.5,Clarity,0.8885326086956522
0.75,0.25,1.5,Omni,0.5649864130434783
0.75,0.25,1.5,UASE,0.6921603260869565
0.75,0.25,2,Clarity,0.8952853260869565
0.75,0.25,2,Omni,0.568858695652174
0.75,0.25,2,UASE,0.6829619565217392
0.75,0.25,2.5,Clarity,0.9027445652173913
0.75,0.25,2.5,Omni,0.5285190217391305
0.75,0.25,2.5,UASE,0.6593614130434783
0.75,0.25,3,Clarity,0.9091576086956522
0.75,0.25,3,Omni,0.4707201086956522
0.75,0.25,3,UASE,0.6364809782608696
0.75,0.25,3.5,Clarity,0.9149048913043478
0.75,0.25,3.5,Omni,0.39199728260869565
0.75,0.25,3.5,UASE,0.6209782608695652
0.75,0.25,4,Clarity,0.9196467391304348
0.75,0.25,4,Omni,0.3010461956521739
0.75,0.25,4,UASE,0.6092119565217391
0.75,0.25,4.5,Clarity,0.9235190217391305
0.75,0.25,4.5,Omni,0.24281250000000001
0.75,0.25,4.5,UASE,0.6027173913043479
0.75,0.25,5,Clarity,0.9269429347826087
0.75,0.25,5,Omni,0.21311141304347825
0.75,0.25,5,UASE,0.5963994565217391
0.75,0.25,5.5,Clarity,0.9299728260869565
0.75,0.25,5.5,Omni,0.16985054347826087
0.75,0.25,5.5,UASE,0.5908152173913044
0.75,0.25,6,Clarity,0.9323641304347826
0.75,0.25,6,Omni,0.1523641304347826
0.75,0.25,6,UASE,0.5873505434782609
0.75,0.25,6.5,Clarity,0.9346331521739131
0.75,0.25,6.5,Omni,0.13289402173913045
0.75,0.25,6.5,UASE,0.5852989130434783
0.75,0.25,7,Clarity,0.9372010869565217
0.75,0.25,7,Omni,0.12471467391304349
0.75,0.25,7,UASE,0.5835326086956522
0.75,0.25,7.5,Clarity,0.9392527173913043
0.75,0.25,7.5,Omni,0.11869565217391305
0.75,0.25,7.5,UASE,0.5820923913043479
0.75,0.25,8,Clarity,0.94125
0.75,0.25,8,Omni,0.11355978260869566
0.75,0.25,8,UASE,0.5837907608695653
0.75,0.25,8.5,Clarity,0.9427309782608696
0.75,0.25,8.5,Omni,0.10736413043478261
0.75,0.25,8.5,UASE,0.5866168478260869
0.75,0.25,9,Clarity,0.9445108695652173
0.75,0.25,9,Omni,0.10251358695652174
0.75,0.25,9,UASE,0.5905570652173913
0.75,0.25,9.5,Clarity,0.9458967391304348
0.75,0.25,9.5,Omni,0.10036684782608696
0.75,0.25,9.5,UASE,0.5945516304347827
0.75,0.25,10,Clarity,0.94716032608695655
0.75,0.25,10,Omni,0.10372282608695653
0.75,0.25,10,UASE,0.5986820652173913
0.75,0.5,1,Clarity,0.9495516304347826
0.75,0.5,1,Omni,0.5994565217391304
0.75,0.5,1,UASE,0.9316983695652173
0.75,0.5,1.5,Clarity,0.9546195652173913
0.75,0.5,1.5,Omni,0.5895380434782609
0.75,0.5,1.5,UASE,0.9238586956521739
0.75,0.5,2,Clarity,0.9560054347826087
0.75,0.5,2,Omni,0.6026766304347826
0.75,0.5,2,UASE,0.9146739130434782
0.75,0.5,2.5,Clarity,0.9585054347826087
0.75,0.5,2.5,Omni,0.6064945652173913
0.75,0.5,2.5,UASE,0.8930570652173913
0.75,0.5,3,Clarity,0.9609782608695653
0.75,0.5,3,Omni,0.6032201086956522
0.75,0.5,3,UASE,0.8703940217391304
0.75,0.5,3.5,Clarity,0.9629619565217391
0.75,0.5,3.5,Omni,0.59875
0.75,0.5,3.5,UASE,0.8440760869565217
0.75,0.5,4,Clarity,0.9647961956521739
0.75,0.5,4,Omni,0.5713179347826087
0.75,0.5,4,UASE,0.8146059782608696
0.75,0.5,4.5,Clarity,0.9652173913043478
0.75,0.5,4.5,Omni,0.5476358695652174
0.75,0.5,4.5,UASE,0.793070652173913
0.75,0.5,5,Clarity,0.9666576086956522
0.75,0.5,5,Omni,0.5245516304347826
0.75,0.5,5,UASE,0.7701630434782609
0.75,0.5,5.5,Clarity,0.9675271739130434
0.75,0.5,5.5,Omni,0.4908288043478261
0.75,0.5,5.5,UASE,0.7445788043478261
0.75,0.5,6,Clarity,0.9682880434782609
0.75,0.5,6,Omni,0.4587907608695652
0.75,0.5,6,UASE,0.7180570652173913
0.75,0.5,6.5,Clarity,0.9687228260869565
0.75,0.5,6.5,Omni,0.42978260869565216
0.75,0.5,6.5,UASE,0.6934510869565218
0.75,0.5,7,Clarity,0.969116847826087
0.75,0.5,7,Omni,0.41164402173913045
0.75,0.5,7,UASE,0.6702445652173913
0.75,0.5,7.5,Clarity,0.9696059782608696
0.75,0.5,7.5,Omni,0.3867798913043478
0.75,0.5,7.5,UASE,0.6489538043478261
0.75,0.5,8,Clarity,0.9700951086956522
0.75,0.5,8,Omni,0.375
0.75,0.5,8,UASE,0.6306385869565218
0.75,0.5,8.5,Clarity,0.9702309782608696
0.75,0.5,8.5,Omni,0.3581657608695652
0.75,0.5,8.5,UASE,0.6136141304347826
0.75,0.5,9,Clarity,0.9704211956521739
0.75,0.5,9,Omni,0.3418478260869565
0.75,0.5,9,UASE,0.5966168478260869
0.75,0.5,9.5,Clarity,0.97059782608695655
0.75,0.5,9.5,Omni,0.3318342391304348
0.75,0.5,9.5,UASE,0.581304347826087
0.75,0.5,10,Clarity,0.9708423913043478
0.75,0.5,10,Omni,0.32612771739130436
0.75,0.5,10,UASE,0.5659510869565217
0.75,0.75,1,Clarity,0.9694293478260869
0.75,0.75,1,Omni,0.7331385869565218
0.75,0.75,1,UASE,0.9730570652173913
0.75,0.75,1.5,Clarity,0.971671195652174
0.75,0.75,1.5,Omni,0.7302309782608696
0.75,0.75,1.5,UASE,0.9724864130434783
0.75,0.75,2,Clarity,0.9714538043478261
0.75,0.75,2,Omni,0.6941711956521739
0.75,0.75,2,UASE,0.9684510869565217
0.75,0.75,2.5,Clarity,0.9724592391304347
0.75,0.75,2.5,Omni,0.648070652173913
0.75,0.75,2.5,UASE,0.9645652173913043
0.75,0.75,3,Clarity,0.9731385869565218
0.75,0.75,3,Omni,0.6388179347826087
0.75,0.75,3,UASE,0.9604755434782609
0.75,0.75,3.5,Clarity,0.9733967391304348
0.75,0.75,3.5,Omni,0.6200679347826087
0.75,0.75,3.5,UASE,0.9547282608695652
0.75,0.75,4,Clarity,0.9739402173913043
0.75,0.75,4,Omni,0.6105570652173913
0.75,0.75,4,UASE,0.9486820652173913
0.75,0.75,4.5,Clarity,0.9739538043478261
0.75,0.75,4.5,Omni,0.6061684782608696
0.75,0.75,4.5,UASE,0.9383423913043478
0.75,0.75,5,Clarity,0.9742391304347826
0.75,0.75,5,Omni,0.597296195652174
0.75,0.75,5,UASE,0.9276766304347827
0.75,0.75,5.5,Clarity,0.9745108695652174
0.75,0.75,5.5,Omni,0.5844293478260869
0.75,0.75,5.5,UASE,0.9120108695652174
0.75,0.75,6,Clarity,0.974741847826087
0.75,0.75,6,Omni,0.57997282608695655
0.75,0.75,6,UASE,0.8934782608695652
0.75,0.75,6.5,Clarity,0.975054347826087
0.75,0.75,6.5,Omni,0.5799048913043479
0.75,0.75,6.5,UASE,0.87315217391304345
0.75,0.75,7,Clarity,0.9752581521739131
0.75,0.75,7,Omni,0.579320652173913
0.75,0.75,7,UASE,0.8494701086956522
0.75,0.75,7.5,Clarity,0.975625
0.75,0.75,7.5,Omni,0.5763994565217392
0.75,0.75,7.5,UASE,0.8197690217391305
0.75,0.75,8,Clarity,0.9758288043478262
0.75,0.75,8,Omni,0.5717119565217391
0.75,0.75,8,UASE,0.7882472826086957
0.75,0.75,8.5,Clarity,0.9759782608695652
0.75,0.75,8.5,Omni,0.5659646739130435
0.75,0.75,8.5,UASE,0.7567934782608696
0.75,0.75,9,Clarity,0.9761413043478261
0.75,0.75,9,Omni,0.5626766304347827
0.75,0.75,9,UASE,0.7240353260869565
0.75,0.75,9.5,Clarity,0.9762771739130435
0.75,0.75,9.5,Omni,0.5564538043478261
0.75,0.75,9.5,UASE,0.6929891304347826
0.75,0.75,10,Clarity,0.9763451086956522
0.75,0.75,10,Omni,0.550625
0.75,0.75,10,UASE,0.6627309782608696
0.75,1,1,Clarity,0.9779755434782609
0.75,1,1,Omni,0.9122282608695652
0.75,1,1,UASE,0.9880027173913043
0.75,1,1.5,Clarity,0.9781657608695652
0.75,1,1.5,Omni,0.9103940217391304
0.75,1,1.5,UASE,0.9873097826086956
0.75,1,2,Clarity,0.978179347826087
0.75,1,2,Omni,0.886195652173913
0.75,1,2,UASE,0.9867934782608696
0.75,1,2.5,Clarity,0.978179347826087
0.75,1,2.5,Omni,0.8824864130434783
0.75,1,2.5,UASE,0.9836956521739131
0.75,1,3,Clarity,0.978179347826087
0.75,1,3,Omni,0.8751494565217391
0.75,1,3,UASE,0.9808559782608696
0.75,1,3.5,Clarity,0.978179347826087
0.75,1,3.5,Omni,0.8555163043478261
0.75,1,3.5,UASE,0.9777309782608695
0.75,1,4,Clarity,0.978179347826087
0.75,1,4,Omni,0.8378125
0.75,1,4,UASE,0.9765489130434782
0.75,1,4.5,Clarity,0.978179347826087
0.75,1,4.5,Omni,0.8152445652173913
0.75,1,4.5,UASE,0.9724864130434783
0.75,1,5,Clarity,0.978179347826087
0.75,1,5,Omni,0.7980298913043479
0.75,1,5,UASE,0.969483695652174
0.75,1,5.5,Clarity,0.9781929347826087
0.75,1,5.5,Omni,0.7786141304347826
0.75,1,5.5,UASE,0.9669972826086957
0.75,1,6,Clarity,0.9781929347826087
0.75,1,6,Omni,0.7762092391304348
0.75,1,6,UASE,0.9657201086956522
0.75,1,6.5,Clarity,0.9781929347826087
0.75,1,6.5,Omni,0.7706793478260869
0.75,1,6.5,UASE,0.9645380434782609
0.75,1,7,Clarity,0.9781929347826087
0.75,1,7,Omni,0.7636413043478261
0.75,1,7,UASE,0.9631929347826087
0.75,1,7.5,Clarity,0.9781929347826087
0.75,1,7.5,Omni,0.7712771739130435
0.75,1,7.5,UASE,0.9612771739130435
0.75,1,8,Clarity,0.9781929347826087
0.75,1,8,Omni,0.7670516304347826
0.75,1,8,UASE,0.9591440217391305
0.75,1,8.5,Clarity,0.9781929347826087
0.75,1,8.5,Omni,0.7765760869565217
0.75,1,8.5,UASE,0.9567798913043478
0.75,1,9,Clarity,0.9781929347826087
0.75,1,9,Omni,0.7806114130434783
0.75,1,9,UASE,0.9546195652173913
0.75,1,9.5,Clarity,0.9781929347826087
0.75,1,9.5,Omni,0.7890896739130435
0.75,1,9.5,UASE,0.9526358695652174
0.75,1,10,Clarity,0.9781929347826087
0.75,1,10,Omni,0.7938722826086957
0.75,1,10,UASE,0.9504347826086956
1,0.25,1,Clarity,0.46026666666666666
1,0.25,1,Omni,0.6105222222222222
1,0.25,1,UASE,0.4903666666666667
1,0.25,1.5,Clarity,0.4454777777777778
1,0.25,1.5,Omni,0.5509777777777778
1,0.25,1.5,UASE,0.4900111111111111
1,0.25,2,Clarity,0.44306666666666666
1,0.25,2,Omni,0.4610666666666667
1,0.25,2,UASE,0.4513111111111111
1,0.25,2.5,Clarity,0.4395888888888889
1,0.25,2.5,Omni,0.3436777777777778
1,0.25,2.5,UASE,0.4271888888888889
1,0.25,3,Clarity,0.43673333333333336
1,0.25,3,Omni,0.26156666666666667
1,0.25,3,UASE,0.4106222222222222
1,0.25,3.5,Clarity,0.43246666666666667
1,0.25,3.5,Omni,0.20552222222222222
1,0.25,3.5,UASE,0.4004
1,0.25,4,Clarity,0.42965555555555557
1,0.25,4,Omni,0.16576666666666667
1,0.25,4,UASE,0.3932111111111111
1,0.25,4.5,Clarity,0.4275111111111111
1,0.25,4.5,Omni,0.13707777777777777
1,0.25,4.5,UASE,0.388
1,0.25,5,Clarity,0.42523333333333335
1,0.25,5,Omni,0.1284888888888889
1,0.25,5,UASE,0.38603333333333334
1,0.25,5.5,Clarity,0.4232888888888889
1,0.25,5.5,Omni,0.11363333333333334
1,0.25,5.5,UASE,0.38433333333333336
1,0.25,6,Clarity,0.4214111111111111
1,0.25,6,Omni,0.10307777777777778
1,0.25,6,UASE,0.3847333333333333
1,0.25,6.5,Clarity,0.4203
1,0.25,6.5,Omni,0.09553333333333333
1,0.25,6.5,UASE,0.3856888888888889
1,0.25,7,Clarity,0.4193222222222222
1,0.25,7,Omni,0.0877
1,0.25,7,UASE,0.3862
1,0.25,7.5,Clarity,0.41815555555555556
1,0.25,7.5,Omni,0.0842
1,0.25,7.5,UASE,0.3874888888888889
1,0.25,8,Clarity,0.4172222222222222
1,0.25,8,Omni,0.08057777777777778
1,0.25,8,UASE,0.38856666666666667
1,0.25,8.5,Clarity,0.4170888888888889
1,0.25,8.5,Omni,0.08014444444444445
1,0.25,8.5,UASE,0.3896777777777778
1,0.25,9,Clarity,0.41663333333333336
1,0.25,9,Omni,0.08082222222222223
1,0.25,9,UASE,0.39114444444444446
1,0.25,9.5,Clarity,0.4160111111111111
1,0.25,9.5,Omni,0.08270000000000001
1,0.25,9.5,UASE,0.39265555555555554
1,0.25,10,Clarity,0.4154888888888889
1,0.25,10,Omni,0.08416666666666668
1,0.25,10,UASE,0.39403333333333335
1,0.5,1,Clarity,0.5275222222222222
1,0.5,1,Omni,0.9748888888888889
1,0.5,1,UASE,0.5773666666666667
1,0.5,1.5,Clarity,0.48733333333333334
1,0.5,1.5,Omni,0.9661666666666666
1,0.5,1.5,UASE,0.5458555555555555
1,0.5,2,Clarity,0.49041111111111113
1,0.5,2,Omni,0.8523777777777778
1,0.5,2,UASE,0.5219222222222222
1,0.5,2.5,Clarity,0.4909
1,0.5,2.5,Omni,0.7063888888888888
1,0.5,2.5,UASE,0.4914
1,0.5,3,Clarity,0.4920777777777778
1,0.5,3,Omni,0.5269444444444444
1,0.5,3,UASE,0.46382222222222225
1,0.5,3.5,Clarity,0.4901888888888889
1,0.5,3.5,Omni,0.4744555555555556
1,0.5,3.5,UASE,0.4298111111111111
1,0.5,4,Clarity,0.4895555555555556
1,0.5,4,Omni,0.4225888888888889
1,0.5,4,UASE,0.3979666666666667
1,0.5,4.5,Clarity,0.4892444444444444
1,0.5,4.5,Omni,0.3753888888888889
1,0.5,4.5,UASE,0.3718222222222222
1,0.5,5,Clarity,0.4881666666666667
1,0.5,5,Omni,0.33176666666666665
1,0.5,5,UASE,0.34944444444444445
1,0.5,5.5,Clarity,0.4880555555555556
1,0.5,5.5,Omni,0.3172888888888889
1,0.5,5.5,UASE,0.33472222222222225
1,0.5,6,Clarity,0.48784444444444447
1,0.5,6,Omni,0.32087777777777776
1,0.5,6,UASE,0.32893333333333336
1,0.5,6.5,Clarity,0.48794444444444446
1,0.5,6.5,Omni,0.3178
1,0.5,6.5,UASE,0.3217555555555556
1,0.5,7,Clarity,0.4878
1,0.5,7,Omni,0.3249111111111111
1,0.5,7,UASE,0.3141333333333333
1,0.5,7.5,Clarity,0.48743333333333333
1,0.5,7.5,Omni,0.30343333333333333
1,0.5,7.5,UASE,0.30824444444444443
1,0.5,8,Clarity,0.48806666666666665
1,0.5,8,Omni,0.30102222222222225
1,0.5,8,UASE,0.30467777777777777
1,0.5,8.5,Clarity,0.4883
1,0.5,8.5,Omni,0.2977111111111111
1,0.5,8.5,UASE,0.3012666666666667
1,0.5,9,Clarity,0.48827777777777776
1,0.5,9,Omni,0.2909
1,0.5,9,UASE,0.2980777777777778
1,0.5,9.5,Clarity,0.4887
1,0.5,9.5,Omni,0.2845666666666667
1,0.5,9.5,UASE,0.29575555555555555
1,0.5,10,Clarity,0.4889
1,0.5,10,Omni,0.27114444444444447
1,0.5,10,UASE,0.2966888888888889
1,0.75,1,Clarity,0.6343888888888889
1,0.75,1,Omni,0.9999777777777777
1,0.75,1,UASE,0.6783
1,0.75,1.5,Clarity,0.5828222222222222
1,0.75,1.5,Omni,1
1,0.75,1.5,UASE,0.6788777777777778
1,0.75,2,Clarity,0.590488888888889
1,0.75,2,Omni,0.9990111111111111
1,0.75,2,UASE,0.6517222222222222
1,0.75,2.5,Clarity,0.5949333333333333
1,0.75,2.5,Omni,0.9853555555555555
1,0.75,2.5,UASE,0.6244111111111111
1,0.75,3,Clarity,0.600588888888889
1,0.75,3,Omni,0.9127555555555555
1,0.75,3,UASE,0.5840333333333333
1,0.75,3.5,Clarity,0.6016777777777778
1,0.75,3.5,Omni,0.8354555555555555
1,0.75,3.5,UASE,0.5488555555555555
1,0.75,4,Clarity,0.6033555555555555
1,0.75,4,Omni,0.7479
1,0.75,4,UASE,0.5175444444444445
1,0.75,4.5,Clarity,0.6044333333333334
1,0.75,4.5,Omni,0.6324
1,0.75,4.5,UASE,0.4824333333333333
1,0.75,5,Clarity,0.606
1,0.75,5,Omni,0.5957888888888889
1,0.75,5,UASE,0.44766666666666666
1,0.75,5.5,Clarity,0.6073888888888889
1,0.75,5.5,Omni,0.5632333333333334
1,0.75,5.5,UASE,0.41253333333333336
1,0.75,6,Clarity,0.6080888888888889
1,0.75,6,Omni,0.5622222222222222
1,0.75,6,UASE,0.3784111111111111
1,0.75,6.5,Clarity,0.6091444444444445
1,0.75,6.5,Omni,0.5306222222222222
1,0.75,6.5,UASE,0.3454888888888889
1,0.75,7,Clarity,0.6094777777777778
1,0.75,7,Omni,0.5011111111111111
1,0.75,7,UASE,0.3156888888888889
1,0.75,7.5,Clarity,0.6090777777777778
1,0.75,7.5,Omni,0.4935888888888889
1,0.75,7.5,UASE,0.2879888888888889
1,0.75,8,Clarity,0.6097222222222223
1,0.75,8,Omni,0.49793333333333334
1,0.75,8,UASE,0.2644888888888889
1,0.75,8.5,Clarity,0.6101
1,0.75,8.5,Omni,0.5069111111111111
1,0.75,8.5,UASE,0.24223333333333333
1,0.75,9,Clarity,0.6105333333333334
1,0.75,9,Omni,0.49823333333333336
1,0.75,9,UASE,0.2222
1,0.75,9.5,Clarity,0.6109555555555556
1,0.75,9.5,Omni,0.5002888888888889
1,0.75,9.5,UASE,0.2048
1,0.75,10,Clarity,0.6116222222222222
1,0.75,10,Omni,0.48915555555555557
1,0.75,10,UASE,0.18973333333333334
1,1,1,Clarity,0.7439666666666667
1,1,1,Omni,0.9994666666666666
1,1,1,UASE,0.7730444444444444
1,1,1.5,Clarity,0.6915888888888889
1,1,1.5,Omni,1
1,1,1.5,UASE,0.7869
1,1,2,Clarity,0.7015555555555556
1,1,2,Omni,1
1,1,2,UASE,0.7853333333333333
1,1,2.5,Clarity,0.7100222222222222
1,1,2.5,Omni,0.9999888888888889
1,1,2.5,UASE,0.7789222222222222
1,1,3,Clarity,0.7192444444444445
1,1,3,Omni,0.9992888888888889
1,1,3,UASE,0.7660444444444444
1,1,3.5,Clarity,0.7232666666666667
1,1,3.5,Omni,0.9876777777777778
1,1,3.5,UASE,0.7538111111111111
1,1,4,Clarity,0.7276777777777778
1,1,4,Omni,0.9582444444444445
1,1,4,UASE,0.7468888888888889
1,1,4.5,Clarity,0.7294111111111111
1,1,4.5,Omni,0.9411666666666667
1,1,4.5,UASE,0.7325444444444444
1,1,5,Clarity,0.7320333333333333
1,1,5,Omni,0.8930777777777777
1,1,5,UASE,0.7189555555555556
1,1,5.5,Clarity,0.7344
1,1,5.5,Omni,0.8254111111111111
1,1,5.5,UASE,0.7044555555555556
1,1,6,Clarity,0.7360777777777778
1,1,6,Omni,0.7979
1,1,6,UASE,0.6897555555555556
1,1,6.5,Clarity,0.7377
1,1,6.5,Omni,0.7883555555555556
1,1,6.5,UASE,0.6771666666666667
1,1,7,Clarity,0.7391888888888889
1,1,7,Omni,0.7667
1,1,7,UASE,0.6643666666666667
1,1,7.5,Clarity,0.7395555555555555
1,1,7.5,Omni,0.7553222222222222
1,1,7.5,UASE,0.6496333333333333
1,1,8,Clarity,0.7406333333333334
1,1,8,Omni,0.7609444444444444
1,1,8,UASE,0.6374333333333333
1,1,8.5,Clarity,0.7415444444444445
1,1,8.5,Omni,0.7624444444444445
1,1,8.5,UASE,0.6259888888888889
1,1,9,Clarity,0.7424888888888889
1,1,9,Omni,0.7641222222222223
1,1,9,UASE,0.6157111111111111
1,1,9.5,Clarity,0.7432333333333333
1,1,9.5,Omni,0.7381
1,1,9.5,UASE,0.6041444444444445
1,1,10,Clarity,0.7437888888888889
1,1,10,Omni,0.7498111111111111
1,1,10,UASE,0.5935333333333334
0.25,0.25,1,Procrustes,0.732831615120275
0.25,0.25,1.5,Procrustes,0.6518731958762887
0.25,0.25,2,Procrustes,0.5657374570446735
0.25,0.25,2.5,Procrustes,0.5490474226804124
0.25,0.25,3,Procrustes,0.5631546391752578
0.25,0.25,3.5,Procrustes,0.5774900343642612
0.25,0.25,4,Procrustes,0.5869350515463918
0.25,0.25,4.5,Procrustes,0.5944213058419244
0.25,0.25,5,Procrustes,0.6002213058419243
0.25,0.25,5.5,Procrustes,0.6050030927835052
0.25,0.25,6,Procrustes,0.6087285223367698
0.25,0.25,6.5,Procrustes,0.611427147766323
0.25,0.25,7,Procrustes,0.6128735395189003
0.25,0.25,7.5,Procrustes,0.6137752577319587
0.25,0.25,8,Procrustes,0.6143962199312715
0.25,0.25,8.5,Procrustes,0.6150271477663231
0.25,0.25,9,Procrustes,0.6153890034364261
0.25,0.25,9.5,Procrustes,0.6155817869415807
0.25,0.25,10,Procrustes,0.6155587628865979
0.25,0.5,1,Procrustes,0.9690443298969073
0.25,0.5,1.5,Procrustes,0.8109573883161512
0.25,0.5,2,Procrustes,0.7708821305841924
0.25,0.5,2.5,Procrustes,0.7429701030927834
0.25,0.5,3,Procrustes,0.6947436426116839
0.25,0.5,3.5,Procrustes,0.7019666666666666
0.25,0.5,4,Procrustes,0.7113240549828178
0.25,0.5,4.5,Procrustes,0.7235560137457044
0.25,0.5,5,Procrustes,0.7336075601374571
0.25,0.5,5.5,Procrustes,0.7413415807560138
0.25,0.5,6,Procrustes,0.7472714776632302
0.25,0.5,6.5,Procrustes,0.7520254295532646
0.25,0.5,7,Procrustes,0.7557536082474227
0.25,0.5,7.5,Procrustes,0.7586371134020619
0.25,0.5,8,Procrustes,0.7610969072164948
0.25,0.5,8.5,Procrustes,0.7631474226804124
0.25,0.5,9,Procrustes,0.7648604810996563
0.25,0.5,9.5,Procrustes,0.7662426116838488
0.25,0.5,10,Procrustes,0.7673697594501718
0.25,0.75,1,Procrustes,0.9999134020618556
0.25,0.75,1.5,Procrustes,0.9693168384879725
0.25,0.75,2,Procrustes,0.9212003436426117
0.25,0.75,2.5,Procrustes,0.890821649484536
0.25,0.75,3,Procrustes,0.8465250859106529
0.25,0.75,3.5,Procrustes,0.8380395189003437
0.25,0.75,4,Procrustes,0.8300367697594502
0.25,0.75,4.5,Procrustes,0.8240395189003437
0.25,0.75,5,Procrustes,0.8212797250859106
0.25,0.75,5.5,Procrustes,0.8202460481099656
0.25,0.75,6,Procrustes,0.8193807560137457
0.25,0.75,6.5,Procrustes,0.8184883161512028
0.25,0.75,7,Procrustes,0.8176625429553265
0.25,0.75,7.5,Procrustes,0.8170625429553264
0.25,0.75,8,Procrustes,0.81650859106529206
0.25,0.75,8.5,Procrustes,0.8159745704467354
0.25,0.75,9,Procrustes,0.8154518900343642
0.25,0.75,9.5,Procrustes,0.8149979381443299
0.25,0.75,10,Procrustes,0.8146900343642611
0.25,1,1,Procrustes,1
0.25,1,1.5,Procrustes,0.996905498281787
0.25,1,2,Procrustes,0.9790020618556701
0.25,1,2.5,Procrustes,0.9616216494845361
0.25,1,3,Procrustes,0.9018096219931272
0.25,1,3.5,Procrustes,0.9040690721649485
0.25,1,4,Procrustes,0.9050034364261168
0.25,1,4.5,Procrustes,0.9048910652920963
0.25,1,5,Procrustes,0.9043274914089348
0.25,1,5.5,Procrustes,0.9035680412371134
0.25,1,6,Procrustes,0.9027422680412371
0.25,1,6.5,Procrustes,0.9020563573883161
0.25,1,7,Procrustes,0.9014512027491409
0.25,1,7.5,Procrustes,0.9009652920962199
0.25,1,8,Procrustes,0.9005965635738832
0.25,1,8.5,Procrustes,0.9002
0.25,1,9,Procrustes,0.8998243986254295
0.25,1,9.5,Procrustes,0.8994161512027492
0.25,1,10,Procrustes,0.8990199312714777
0.5,0.25,1,Procrustes,0.750706105263158
0.5,0.25,1.5,Procrustes,0.6852730526315789
0.5,0.25,2,Procrustes,0.6169682105263158
0.5,0.25,2.5,Procrustes,0.58206
0.5,0.25,3,Procrustes,0.5603075789473684
0.5,0.25,3.5,Procrustes,0.5722726315789474
0.5,0.25,4,Procrustes,0.5824503157894737
0.5,0.25,4.5,Procrustes,0.5896197894736842
0.5,0.25,5,Procrustes,0.5947347368421052
0.5,0.25,5.5,Procrustes,0.5986785263157894
0.5,0.25,6,Procrustes,0.6017046315789474
0.5,0.25,6.5,Procrustes,0.6042943157894737
0.5,0.25,7,Procrustes,0.6063785263157895
0.5,0.25,7.5,Procrustes,0.6083035789473684
0.5,0.25,8,Procrustes,0.6098528421052631
0.5,0.25,8.5,Procrustes,0.6111183157894737
0.5,0.25,9,Procrustes,0.6123071578947369
0.5,0.25,9.5,Procrustes,0.6132665263157895
0.5,0.25,10,Procrustes,0.6140553684210526
0.5,0.5,1,Procrustes,0.9921452631578948
0.5,0.5,1.5,Procrustes,0.8724717894736842
0.5,0.5,2,Procrustes,0.8330534736842105
0.5,0.5,2.5,Procrustes,0.7998204210526315
0.5,0.5,3,Procrustes,0.7908930526315789
0.5,0.5,3.5,Procrustes,0.7869223157894737
0.5,0.5,4,Procrustes,0.7832968421052632
0.5,0.5,4.5,Procrustes,0.7812616842105263
0.5,0.5,5,Procrustes,0.7800934736842106
0.5,0.5,5.5,Procrustes,0.7796962105263158
0.5,0.5,6,Procrustes,0.7795562105263157
0.5,0.5,6.5,Procrustes,0.7794286315789474
0.5,0.5,7,Procrustes,0.7794416842105263
0.5,0.5,7.5,Procrustes,0.7794755789473684
0.5,0.5,8,Procrustes,0.7796265263157894
0.5,0.5,8.5,Procrustes,0.7797661052631579
0.5,0.5,9,Procrustes,0.7799688421052632
0.5,0.5,9.5,Procrustes,0.7801764210526315
0.5,0.5,10,Procrustes,0.7804353684210527
0.5,0.75,1,Procrustes,0.9995324210526316
0.5,0.75,1.5,Procrustes,0.9724092631578948
0.5,0.75,2,Procrustes,0.9353618947368421
0.5,0.75,2.5,Procrustes,0.8908667368421053
0.5,0.75,3,Procrustes,0.8992703157894737
0.5,0.75,3.5,Procrustes,0.9048364210526316
0.5,0.75,4,Procrustes,0.9078831578947368
0.5,0.75,4.5,Procrustes,0.9079507368421053
0.5,0.75,5,Procrustes,0.9062947368421053
0.5,0.75,5.5,Procrustes,0.9038903157894737
0.5,0.75,6,Procrustes,0.9011806315789473
0.5,0.75,6.5,Procrustes,0.8985867368421052
0.5,0.75,7,Procrustes,0.8963764210526316
0.5,0.75,7.5,Procrustes,0.8944802105263158
0.5,0.75,8,Procrustes,0.8928282105263158
0.5,0.75,8.5,Procrustes,0.8914063157894737
0.5,0.75,9,Procrustes,0.8901214736842105
0.5,0.75,9.5,Procrustes,0.8890846315789473
0.5,0.75,10,Procrustes,0.8881671578947369
0.5,1,1,Procrustes,0.9999421052631579
0.5,1,1.5,Procrustes,0.9842429473684211
0.5,1,2,Procrustes,0.9764505263157894
0.5,1,2.5,Procrustes,0.9595751578947368
0.5,1,3,Procrustes,0.9248743157894737
0.5,1,3.5,Procrustes,0.9237913684210526
0.5,1,4,Procrustes,0.9218734736842106
0.5,1,4.5,Procrustes,0.9191576842105263
0.5,1,5,Procrustes,0.9174338947368421
0.5,1,5.5,Procrustes,0.915968
0.5,1,6,Procrustes,0.9145037894736842
0.5,1,6.5,Procrustes,0.9133016842105263
0.5,1,7,Procrustes,0.9124393684210527
0.5,1,7.5,Procrustes,0.9117543157894736
0.5,1,8,Procrustes,0.9112088421052632
0.5,1,8.5,Procrustes,0.910748
0.5,1,9,Procrustes,0.910357052631579
0.5,1,9.5,Procrustes,0.9100298947368421
0.5,1,10,Procrustes,0.9097252631578947
0.75,0.25,1,Procrustes,0.7952017663043478
0.75,0.25,1.5,Procrustes,0.750313722826087
0.75,0.25,2,Procrustes,0.6402084239130434
0.75,0.25,2.5,Procrustes,0.5913029891304348
0.75,0.25,3,Procrustes,0.5296692934782609
0.75,0.25,3.5,Procrustes,0.5530395380434783
0.75,0.25,4,Procrustes,0.5691542119565217
0.75,0.25,4.5,Procrustes,0.5815360054347826
0.75,0.25,5,Procrustes,0.59111875
0.75,0.25,5.5,Procrustes,0.5985934782608696
0.75,0.25,6,Procrustes,0.6045505434782609
0.75,0.25,6.5,Procrustes,0.6091633152173913
0.75,0.25,7,Procrustes,0.6126645380434783
0.75,0.25,7.5,Procrustes,0.6154002717391305
0.75,0.25,8,Procrustes,0.6176067934782609
0.75,0.25,8.5,Procrustes,0.6193770380434782
0.75,0.25,9,Procrustes,0.6208926630434782
0.75,0.25,9.5,Procrustes,0.62216875
0.75,0.25,10,Procrustes,0.6232790760869565
0.75,0.5,1,Procrustes,0.9368682065217392
0.75,0.5,1.5,Procrustes,0.8776903532608695
0.75,0.5,2,Procrustes,0.8298942934782608
0.75,0.5,2.5,Procrustes,0.7921330163043478
0.75,0.5,3,Procrustes,0.7167476902173913
0.75,0.5,3.5,Procrustes,0.7146875
0.75,0.5,4,Procrustes,0.7126172554347826
0.75,0.5,4.5,Procrustes,0.7167111413043479
0.75,0.5,5,Procrustes,0.7242510869565217
0.75,0.5,5.5,Procrustes,0.7321097826086956
0.75,0.5,6,Procrustes,0.7392070652173913
0.75,0.5,6.5,Procrustes,0.7452430706521739
0.75,0.5,7,Procrustes,0.7502104619565217
0.75,0.5,7.5,Procrustes,0.7542085597826087
0.75,0.5,8,Procrustes,0.757445652173913
0.75,0.5,8.5,Procrustes,0.7599759510869565
0.75,0.5,9,Procrustes,0.7620171195652174
0.75,0.5,9.5,Procrustes,0.7636241847826087
0.75,0.5,10,Procrustes,0.7649082880434782
0.75,0.75,1,Procrustes,0.9900966032608696
0.75,0.75,1.5,Procrustes,0.9819039402173914
0.75,0.75,2,Procrustes,0.970055027173913
0.75,0.75,2.5,Procrustes,0.9508895380434783
0.75,0.75,3,Procrustes,0.8549073369565218
0.75,0.75,3.5,Procrustes,0.8542517663043478
0.75,0.75,4,Procrustes,0.853149320652174
0.75,0.75,4.5,Procrustes,0.8506695652173913
0.75,0.75,5,Procrustes,0.848585054347826
0.75,0.75,5.5,Procrustes,0.846973097826087
0.75,0.75,6,Procrustes,0.8455755434782609
0.75,0.75,6.5,Procrustes,0.8444024456521739
0.75,0.75,7,Procrustes,0.8434959239130435
0.75,0.75,7.5,Procrustes,0.8428529891304348
0.75,0.75,8,Procrustes,0.8423767663043479
0.75,0.75,8.5,Procrustes,0.8420572010869566
0.75,0.75,9,Procrustes,0.841819429347826
0.75,0.75,9.5,Procrustes,0.8416494565217392
0.75,0.75,10,Procrustes,0.8414895380434783
0.75,1,1,Procrustes,0.987058695652174
0.75,1,1.5,Procrustes,0.9812260869565217
0.75,1,2,Procrustes,0.9768966032608696
0.75,1,2.5,Procrustes,0.9737565217391304
0.75,1,3,Procrustes,0.9010080163043478
0.75,1,3.5,Procrustes,0.8999153532608696
0.75,1,4,Procrustes,0.8966581521739131
0.75,1,4.5,Procrustes,0.8935211956521739
0.75,1,5,Procrustes,0.8906976902173913
0.75,1,5.5,Procrustes,0.888355027173913
0.75,1,6,Procrustes,0.886263722826087
0.75,1,6.5,Procrustes,0.8843138586956522
0.75,1,7,Procrustes,0.8825301630434783
0.75,1,7.5,Procrustes,0.8809789402173913
0.75,1,8,Procrustes,0.8795966032608695
0.75,1,8.5,Procrustes,0.8784347826086957
0.75,1,9,Procrustes,0.8774330163043478
0.75,1,9.5,Procrustes,0.8765355978260869
0.75,1,10,Procrustes,0.8757498641304348
1,0.25,1,Procrustes,0.7549597777777778
1,0.25,1.5,Procrustes,0.7473976666666666
1,0.25,2,Procrustes,0.6408317777777778
1,0.25,2.5,Procrustes,0.5751998888888888
1,0.25,3,Procrustes,0.49577822222222223
1,0.25,3.5,Procrustes,0.517921
1,0.25,4,Procrustes,0.5335147777777778
1,0.25,4.5,Procrustes,0.5447303333333333
1,0.25,5,Procrustes,0.5532534444444445
1,0.25,5.5,Procrustes,0.5596931111111111
1,0.25,6,Procrustes,0.5645737777777777
1,0.25,6.5,Procrustes,0.5682201111111111
1,0.25,7,Procrustes,0.5710577777777778
1,0.25,7.5,Procrustes,0.5733227777777777
1,0.25,8,Procrustes,0.5751632222222223
1,0.25,8.5,Procrustes,0.5766971111111111
1,0.25,9,Procrustes,0.5779954444444445
1,0.25,9.5,Procrustes,0.5791071111111111
1,0.25,10,Procrustes,0.5800693333333333
1,0.5,1,Procrustes,0.8978785555555555
1,0.5,1.5,Procrustes,0.873685
1,0.5,2,Procrustes,0.8266438888888888
1,0.5,2.5,Procrustes,0.8124318888888888
1,0.5,3,Procrustes,0.6496997777777778
1,0.5,3.5,Procrustes,0.6589632222222221
1,0.5,4,Procrustes,0.672172
1,0.5,4.5,Procrustes,0.6850317777777778
1,0.5,5,Procrustes,0.6951106666666667
1,0.5,5.5,Procrustes,0.7032577777777778
1,0.5,6,Procrustes,0.7095962222222222
1,0.5,6.5,Procrustes,0.714587
1,0.5,7,Procrustes,0.7185463333333333
1,0.5,7.5,Procrustes,0.7216392222222222
1,0.5,8,Procrustes,0.7240868888888888
1,0.5,8.5,Procrustes,0.7259433333333334
1,0.5,9,Procrustes,0.7273406666666666
1,0.5,9.5,Procrustes,0.7284158888888889
1,0.5,10,Procrustes,0.729221
1,0.75,1,Procrustes,0.9779486666666667
1,0.75,1.5,Procrustes,0.9673134444444444
1,0.75,2,Procrustes,0.9487132222222222
1,0.75,2.5,Procrustes,0.9320232222222222
1,0.75,3,Procrustes,0.8045977777777779
1,0.75,3.5,Procrustes,0.8022636666666667
1,0.75,4,Procrustes,0.803229
1,0.75,4.5,Procrustes,0.8046843333333333
1,0.75,5,Procrustes,0.8039133333333334
1,0.75,5.5,Procrustes,0.8016536666666667
1,0.75,6,Procrustes,0.7992116666666667
1,0.75,6.5,Procrustes,0.7969142222222222
1,0.75,7,Procrustes,0.7949376666666667
1,0.75,7.5,Procrustes,0.7934214444444445
1,0.75,8,Procrustes,0.792262
1,0.75,8.5,Procrustes,0.7914001111111111
1,0.75,9,Procrustes,0.7907574444444445
1,0.75,9.5,Procrustes,0.790266
1,0.75,10,Procrustes,0.7899048888888889
1,1,1,Procrustes,0.976522
1,1,1.5,Procrustes,0.9725207777777778
1,1,2,Procrustes,0.9689797777777778
1,1,2.5,Procrustes,0.9620746666666666
1,1,3,Procrustes,0.8482941111111112
1,1,3.5,Procrustes,0.8472138888888889
1,1,4,Procrustes,0.8450422222222223
1,1,4.5,Procrustes,0.841862
1,1,5,Procrustes,0.8387368888888889
1,1,5.5,Procrustes,0.836493
1,1,6,Procrustes,0.8347880000000001
1,1,6.5,Procrustes,0.8332982222222223
1,1,7,Procrustes,0.832021
1,1,7.5,Procrustes,0.8309061111111111
1,1,8,Procrustes,0.8299541111111112
1,1,8.5,Procrustes,0.8291804444444445
1,1,9,Procrustes,0.8284878888888889
1,1,9.5,Procrustes,0.8278875555555556
1,1,10,Procrustes,0.8273565555555555
